mean_x,std_x,max_x,min_x,fft_peak_x,gesture
0.4716425598688503,0.9274887989474276,1.8457155334760973,-1.3477359968218303,4.629023359633431,josh_thumbs_up
