mean_x,std_x,max_x,min_x,fft_peak_x,gesture
-0.7134243861480019,0.3302114289006318,-0.37979623513376687,-1.1932014681293772,5.707395089184016,bellingham
-0.5779616135741581,0.4878175927074359,-0.007666484026037898,-1.1932014681293772,4.623692908593265,bellingham
-0.04852532494158247,0.4549557644979734,0.721506676928296,-0.7770698883433694,1.6950244608389016,bellingham
0.4526240738263853,0.4992082060930575,1.1904404511282383,-0.4690570875954181,3.620992590611083,bellingham
0.4579671530230334,0.48238015545716545,1.1904404511282383,-0.4099689176560152,3.663737224184268,bellingham
0.49301146657751965,2.3374619055932158,6.033155995949089,-1.5137862199282652,6.9667804671247,bellingham
0.4464952476890536,2.3555453936037782,6.033155995949089,-1.5137862199282652,7.287208639549653,bellingham
